minx,miny,maxx,maxy,comment
-74.0389216,40.6950889,-73.914503,40.78092,./data/buildings.geojson
-74.04213846,40.69255252,-73.91339242,40.77874599,scraper_bounds
580931.3574,4505069.487,591691.0882,4514764.153,scraper_bounds_utm